{
  "project_info": {
    "project_number": "35631874644",
    "project_id": "emergency-sos-d2b06",
    "storage_bucket": "emergency-sos-d2b06.firebasestorage.app"
  },
  "client": [
    {
      "client_info": {
        "mobilesdk_app_id": "1:35631874644:android:f4b2a5c8b86efdcce023c1",
        "android_client_info": {
          "package_name": "com.resq.sos"
        }
      },
      "oauth_client": [],
      "api_key": [
        {
          "current_key": "AIzaSyBV18LC0nr46FM3KWvvqPTgphJEiBMY59A"
        }
      ],
      "services": {
        "appinvite_service": {
          "other_platform_oauth_client": []
        }
      }
    }
  ],
  "configuration_version": "1"
}